English,IPA
hat,/hæt/
with,/wɪθ/
from,/frʌm/
were,/wɜr/
which,/wɪtʃ/
have,/hæv/
this,/ðɪs/
also,/ˈɔːlsoʊ/
their,/ðɛr/
other,/ˈʌðər/
been,/bɪn/
more,/mɔr/
they,/ðeɪ/
used,/juːzd/
first,/fɜrst/
citation,/saɪˈteɪʃən/
than,/ðæn/
into,/ˈɪntuː/
would,/wʊd/
only,/ˈoʊnli/
time,/taɪm/
most,/moʊst/
such,/sʌtʃ/
some,/sʌm/
many,/ˈmɛni/
when,/wɛn/
after,/ˈæftər/
between,/bɪˈtwiːn/
over,/ˈoʊvər/
these,/ðiːz/
about,/əˈbaʊt/
there,/ðɛr/
them,/ðɛm/
will,/wɪl/
during,/ˈdʊrɪŋ/
made,/meɪd/
both,/boʊθ/
then,/ðɛn/
often,/ˈɔːfən/
being,/ˈbiːɪŋ/
such,/sʌtʃ/
where,/wɛr/
number,/ˈnʌmbər/
could,/kʊd/
main,/meɪn/
through,/θruː/
system,/ˈsɪstəm/
people,/ˈpiːpəl/
known,/noʊn/
each,/iːtʃ/
while,/waɪl/
called,/kɔːld/
convert,/kənˈvɜrt/
same,/seɪm/
later,/ˈleɪtər/
three,/θriː/
because,/bɪˈkɔːz/
well,/wɛl/
work,/wɜrk/
before,/bɪˈfɔr/
same,/seɪm/
under,/ˈʌndər/
part,/pɑrt/
very,/ˈvɛri/
different,/ˈdɪfərənt/
became,/bɪˈkeɪm/
year,/jɪr/
large,/lɑrdʒ/
example,/ɪɡˈzæmpəl/
several,/ˈsɛvərəl/
city,/ˈsɪti/
early,/ˈɜrli/
until,/ənˈtɪl/
much,/mʌtʃ/
government,/ˈɡʌvərnmənt/
found,/faʊnd/
since,/sɪns/
even,/ˈiːvən/
form,/fɔrm/
power,/ˈpaʊər/
those,/ðoʊz/
around,/əˈraʊnd/
state,/steɪt/
including,/ɪnˈkluːdɪŋ/
high,/haɪ/
life,/laɪf/
against,/əˈɡɛnst/
second,/ˈsɛkənd/
century,/ˈsɛntʃəri/
within,/wɪˈðɪn/
world,/wɜrld/
still,/stɪl/
using,/ˈjuːzɪŋ/
small,/smɔːl/
name,/neɪm/
what,/wʌt/
usually,/ˈjuːʒuəli/
without,/wɪˈðaʊt/
however,/haʊˈɛvər/
began,/bɪˈɡæn/